op,gpus,size_bytes,busbw_oop_gbps,busbw_ip_gbps,returncode,error
all_reduce_perf,1,8,0.0,0.0,0,
all_reduce_perf,1,16,0.0,0.0,0,
all_reduce_perf,1,32,0.0,0.0,0,
all_reduce_perf,1,64,0.0,0.0,0,
all_reduce_perf,1,128,0.0,0.0,0,
all_reduce_perf,1,256,0.0,0.0,0,
all_reduce_perf,1,512,0.0,0.0,0,
all_reduce_perf,1,1024,0.0,0.0,0,
all_reduce_perf,1,2048,0.0,0.0,0,
all_reduce_perf,1,4096,0.0,0.0,0,
all_reduce_perf,1,8192,0.0,0.0,0,
all_reduce_perf,1,16384,0.0,0.0,0,
all_reduce_perf,1,32768,0.0,0.0,0,
all_reduce_perf,1,65536,0.0,0.0,0,
all_reduce_perf,1,131072,0.0,0.0,0,
all_reduce_perf,1,262144,0.0,0.0,0,
all_reduce_perf,1,524288,0.0,0.0,0,
all_reduce_perf,1,1048576,0.0,0.0,0,
all_reduce_perf,1,2097152,0.0,0.0,0,
all_reduce_perf,1,4194304,0.0,0.0,0,
all_reduce_perf,1,8388608,0.0,0.0,0,
all_reduce_perf,1,16777216,0.0,0.0,0,
all_reduce_perf,1,33554432,0.0,0.0,0,
all_reduce_perf,1,67108864,0.0,0.0,0,
all_reduce_perf,1,134217728,0.0,0.0,0,
all_reduce_perf,1,268435456,0.0,0.0,0,
all_reduce_perf,1,536870912,0.0,0.0,0,
all_reduce_perf,1,1073741824,0.0,0.0,0,
all_reduce_perf,1,2147483648,0.0,0.0,0,
all_reduce_perf,1,4294967296,0.0,0.0,0,
all_reduce_perf,1,8589934592,0.0,0.0,0,
all_reduce_perf,2,8,0.0,0.0,0,
all_reduce_perf,2,16,0.0,0.0,0,
all_reduce_perf,2,32,0.0,0.0,0,
all_reduce_perf,2,64,0.01,0.01,0,
all_reduce_perf,2,128,0.01,0.01,0,
all_reduce_perf,2,256,0.02,0.02,0,
all_reduce_perf,2,512,0.04,0.05,0,
all_reduce_perf,2,1024,0.08,0.09,0,
all_reduce_perf,2,2048,0.18,0.18,0,
all_reduce_perf,2,4096,0.37,0.36,0,
all_reduce_perf,2,8192,0.73,0.73,0,
all_reduce_perf,2,16384,1.47,1.41,0,
all_reduce_perf,2,32768,2.83,2.86,0,
all_reduce_perf,2,65536,5.16,5.51,0,
all_reduce_perf,2,131072,10.61,8.5,0,
all_reduce_perf,2,262144,20.29,21.44,0,
all_reduce_perf,2,524288,41.05,40.25,0,
all_reduce_perf,2,1048576,69.77,68.97,0,
all_reduce_perf,2,2097152,69.62,70.06,0,
all_reduce_perf,2,4194304,118.35,120.32,0,
all_reduce_perf,2,8388608,162.55,164.28,0,
all_reduce_perf,2,16777216,208.86,214.35,0,
all_reduce_perf,2,33554432,237.18,238.03,0,
all_reduce_perf,2,67108864,266.06,265.85,0,
all_reduce_perf,2,134217728,284.12,283.59,0,
all_reduce_perf,2,268435456,298.45,298.41,0,
all_reduce_perf,2,536870912,313.12,312.74,0,
all_reduce_perf,2,1073741824,328.78,327.95,0,
all_reduce_perf,2,2147483648,338.46,339.92,0,
all_reduce_perf,2,4294967296,345.46,344.88,0,
all_reduce_perf,2,8589934592,343.39,346.11,0,
all_reduce_perf,3,8,0.0,0.0,0,
all_reduce_perf,3,16,0.0,0.0,0,
all_reduce_perf,3,32,0.0,0.0,0,
all_reduce_perf,3,64,0.01,0.01,0,
all_reduce_perf,3,128,0.01,0.01,0,
all_reduce_perf,3,256,0.02,0.03,0,
all_reduce_perf,3,512,0.05,0.05,0,
all_reduce_perf,3,1024,0.08,0.1,0,
all_reduce_perf,3,2048,0.2,0.2,0,
all_reduce_perf,3,4096,0.38,0.4,0,
all_reduce_perf,3,8192,0.79,0.79,0,
all_reduce_perf,3,16384,1.61,1.58,0,
all_reduce_perf,3,32768,3.1,3.08,0,
all_reduce_perf,3,65536,6.16,6.15,0,
all_reduce_perf,3,131072,11.95,12.11,0,
all_reduce_perf,3,262144,22.51,22.86,0,
all_reduce_perf,3,524288,44.52,43.31,0,
all_reduce_perf,3,1048576,80.34,80.61,0,
all_reduce_perf,3,2097152,97.42,97.5,0,
all_reduce_perf,3,4194304,120.94,122.16,0,
all_reduce_perf,3,8388608,177.75,182.44,0,
all_reduce_perf,3,16777216,231.78,237.93,0,
all_reduce_perf,3,33554432,277.56,277.73,0,
all_reduce_perf,3,67108864,298.16,298.59,0,
all_reduce_perf,3,134217728,316.2,315.58,0,
all_reduce_perf,3,268435456,328.29,329.29,0,
all_reduce_perf,3,536870912,341.05,340.38,0,
all_reduce_perf,3,1073741824,347.39,347.6,0,
all_reduce_perf,3,2147483648,355.97,355.84,0,
all_reduce_perf,3,4294967296,360.3,359.93,0,
all_reduce_perf,3,8589934592,362.66,361.87,0,
all_reduce_perf,4,8,0.0,0.0,0,
all_reduce_perf,4,16,0.0,0.0,0,
all_reduce_perf,4,32,0.0,0.0,0,
all_reduce_perf,4,64,0.01,0.01,0,
all_reduce_perf,4,128,0.01,0.01,0,
all_reduce_perf,4,256,0.02,0.02,0,
all_reduce_perf,4,512,0.04,0.04,0,
all_reduce_perf,4,1024,0.08,0.08,0,
all_reduce_perf,4,2048,0.17,0.17,0,
all_reduce_perf,4,4096,0.34,0.33,0,
all_reduce_perf,4,8192,0.67,0.67,0,
all_reduce_perf,4,16384,1.37,1.34,0,
all_reduce_perf,4,32768,2.63,2.66,0,
all_reduce_perf,4,65536,5.16,5.1,0,
all_reduce_perf,4,131072,10.11,10.18,0,
all_reduce_perf,4,262144,19.7,19.64,0,
all_reduce_perf,4,524288,37.47,37.59,0,
all_reduce_perf,4,1048576,72.0,73.18,0,
all_reduce_perf,4,2097152,102.64,103.14,0,
all_reduce_perf,4,4194304,143.02,144.43,0,
all_reduce_perf,4,8388608,195.95,198.39,0,
all_reduce_perf,4,16777216,244.17,249.41,0,
all_reduce_perf,4,33554432,289.48,290.41,0,
all_reduce_perf,4,67108864,307.86,309.72,0,
all_reduce_perf,4,134217728,326.81,326.98,0,
all_reduce_perf,4,268435456,340.39,340.44,0,
all_reduce_perf,4,536870912,347.97,347.83,0,
all_reduce_perf,4,1073741824,356.51,356.96,0,
all_reduce_perf,4,2147483648,360.12,360.31,0,
all_reduce_perf,4,4294967296,363.48,363.45,0,
all_reduce_perf,4,8589934592,365.81,366.06,0,
all_gather_perf,1,0,0.0,0.0,0,
all_gather_perf,1,16,0.0,0.0,0,
all_gather_perf,1,32,0.0,0.0,0,
all_gather_perf,1,64,0.0,0.0,0,
all_gather_perf,1,128,0.0,0.0,0,
all_gather_perf,1,256,0.0,0.0,0,
all_gather_perf,1,512,0.0,0.0,0,
all_gather_perf,1,1024,0.0,0.0,0,
all_gather_perf,1,2048,0.0,0.0,0,
all_gather_perf,1,4096,0.0,0.0,0,
all_gather_perf,1,8192,0.0,0.0,0,
all_gather_perf,1,16384,0.0,0.0,0,
all_gather_perf,1,32768,0.0,0.0,0,
all_gather_perf,1,65536,0.0,0.0,0,
all_gather_perf,1,131072,0.0,0.0,0,
all_gather_perf,1,262144,0.0,0.0,0,
all_gather_perf,1,524288,0.0,0.0,0,
all_gather_perf,1,1048576,0.0,0.0,0,
all_gather_perf,1,2097152,0.0,0.0,0,
all_gather_perf,1,4194304,0.0,0.0,0,
all_gather_perf,1,8388608,0.0,0.0,0,
all_gather_perf,1,16777216,0.0,0.0,0,
all_gather_perf,1,33554432,0.0,0.0,0,
all_gather_perf,1,67108864,0.0,0.0,0,
all_gather_perf,1,134217728,0.0,0.0,0,
all_gather_perf,1,268435456,0.0,0.0,0,
all_gather_perf,1,536870912,0.0,0.0,0,
all_gather_perf,1,1073741824,0.0,0.0,0,
all_gather_perf,1,2147483648,0.0,0.0,0,
all_gather_perf,1,4294967296,0.0,0.0,0,
all_gather_perf,1,8589934592,0.0,0.0,0,
all_gather_perf,2,0,0.0,0.0,0,
all_gather_perf,2,0,0.0,0.0,0,
all_gather_perf,2,32,0.0,0.0,0,
all_gather_perf,2,64,0.0,0.0,0,
all_gather_perf,2,128,0.01,0.01,0,
all_gather_perf,2,256,0.01,0.01,0,
all_gather_perf,2,512,0.02,0.03,0,
all_gather_perf,2,1024,0.03,0.05,0,
all_gather_perf,2,2048,0.11,0.11,0,
all_gather_perf,2,4096,0.22,0.22,0,
all_gather_perf,2,8192,0.44,0.45,0,
all_gather_perf,2,16384,0.88,0.89,0,
all_gather_perf,2,32768,1.74,1.7,0,
all_gather_perf,2,65536,3.4,3.37,0,
all_gather_perf,2,131072,6.66,6.5,0,
all_gather_perf,2,262144,12.56,12.67,0,
all_gather_perf,2,524288,25.37,24.65,0,
all_gather_perf,2,1048576,44.43,47.63,0,
all_gather_perf,2,2097152,56.37,62.78,0,
all_gather_perf,2,4194304,76.28,80.07,0,
all_gather_perf,2,8388608,111.08,118.22,0,
all_gather_perf,2,16777216,148.82,158.9,0,
all_gather_perf,2,33554432,181.09,192.11,0,
all_gather_perf,2,67108864,209.14,218.91,0,
all_gather_perf,2,134217728,228.82,240.94,0,
all_gather_perf,2,268435456,243.59,255.83,0,
all_gather_perf,2,536870912,255.62,275.43,0,
all_gather_perf,2,1073741824,267.43,293.21,0,
all_gather_perf,2,2147483648,278.13,299.92,0,
all_gather_perf,2,4294967296,288.24,311.29,0,
all_gather_perf,2,8589934592,299.73,309.85,0,
all_gather_perf,3,0,0.0,0.0,0,
all_gather_perf,3,0,0.0,0.0,0,
all_gather_perf,3,0,0.0,0.0,0,
all_gather_perf,3,48,0.0,0.0,0,
all_gather_perf,3,96,0.0,0.0,0,
all_gather_perf,3,240,0.01,0.01,0,
all_gather_perf,3,480,0.02,0.02,0,
all_gather_perf,3,1008,0.03,0.05,0,
all_gather_perf,3,2016,0.1,0.1,0,
all_gather_perf,3,4080,0.2,0.2,0,
all_gather_perf,3,8160,0.4,0.4,0,
all_gather_perf,3,16368,0.8,0.79,0,
all_gather_perf,3,32736,1.38,1.56,0,
all_gather_perf,3,65520,3.05,2.06,0,
all_gather_perf,3,131040,5.59,5.85,0,
all_gather_perf,3,262128,11.48,11.59,0,
all_gather_perf,3,524256,22.84,22.15,0,
all_gather_perf,3,1048560,15.67,43.49,0,
all_gather_perf,3,2097120,57.34,61.03,0,
all_gather_perf,3,4194288,84.68,86.34,0,
all_gather_perf,3,8388576,124.69,131.87,0,
all_gather_perf,3,16777200,166.18,175.42,0,
all_gather_perf,3,33554400,212.08,219.63,0,
all_gather_perf,3,67108848,242.48,248.51,0,
all_gather_perf,3,134217696,268.63,272.3,0,
all_gather_perf,3,268435440,284.67,289.22,0,
all_gather_perf,3,536870880,297.96,304.81,0,
all_gather_perf,3,1073741808,304.84,314.67,0,
all_gather_perf,3,2147483616,316.91,331.96,0,
all_gather_perf,3,4294967280,323.84,340.81,0,
all_gather_perf,3,8589934560,332.3,351.18,0,
all_gather_perf,4,0,0.0,0.0,0,
all_gather_perf,4,0,0.0,0.0,0,
all_gather_perf,4,0,0.0,0.0,0,
all_gather_perf,4,64,0.0,0.0,0,
all_gather_perf,4,128,0.0,0.0,0,
all_gather_perf,4,256,0.01,0.01,0,
all_gather_perf,4,512,0.02,0.02,0,
all_gather_perf,4,1024,0.04,0.04,0,
all_gather_perf,4,2048,0.08,0.09,0,
all_gather_perf,4,4096,0.17,0.17,0,
all_gather_perf,4,8192,0.34,0.35,0,
all_gather_perf,4,16384,0.69,0.7,0,
all_gather_perf,4,32768,1.37,1.38,0,
all_gather_perf,4,65536,2.67,2.67,0,
all_gather_perf,4,131072,5.24,5.17,0,
all_gather_perf,4,262144,9.86,10.1,0,
all_gather_perf,4,524288,19.7,19.71,0,
all_gather_perf,4,1048576,37.89,38.54,0,
all_gather_perf,4,2097152,75.29,74.29,0,
all_gather_perf,4,4194304,81.23,82.56,0,
all_gather_perf,4,8388608,133.55,137.34,0,
all_gather_perf,4,16777216,185.11,193.36,0,
all_gather_perf,4,33554432,230.03,236.57,0,
all_gather_perf,4,67108864,261.61,265.11,0,
all_gather_perf,4,134217728,288.33,292.27,0,
all_gather_perf,4,268435456,303.76,307.76,0,
all_gather_perf,4,536870912,317.15,320.92,0,
all_gather_perf,4,1073741824,325.13,333.68,0,
all_gather_perf,4,2147483648,335.32,343.39,0,
all_gather_perf,4,4294967296,338.75,351.83,0,
all_gather_perf,4,8589934592,347.81,354.84,0,
broadcast_perf,1,8,0.0,0.02,0,
broadcast_perf,1,16,0.0,0.04,0,
broadcast_perf,1,32,0.0,0.08,0,
broadcast_perf,1,64,0.01,0.18,0,
broadcast_perf,1,128,0.02,0.38,0,
broadcast_perf,1,256,0.04,0.8,0,
broadcast_perf,1,512,0.09,1.6,0,
broadcast_perf,1,1024,0.19,3.43,0,
broadcast_perf,1,2048,0.42,7.08,0,
broadcast_perf,1,4096,0.86,14.82,0,
broadcast_perf,1,8192,1.71,31.58,0,
broadcast_perf,1,16384,3.61,64.78,0,
broadcast_perf,1,32768,7.28,140.85,0,
broadcast_perf,1,65536,16.7,318.29,0,
broadcast_perf,1,131072,38.03,713.12,0,
broadcast_perf,1,262144,77.35,1413.6,0,
broadcast_perf,1,524288,159.2,2474.2,0,
broadcast_perf,1,1048576,284.44,5675.6,0,
broadcast_perf,1,2097152,449.98,11416.0,0,
broadcast_perf,1,4194304,667.64,22599.0,0,
broadcast_perf,1,8388608,876.55,45978.0,0,
broadcast_perf,1,16777216,1035.7,89407.0,0,
broadcast_perf,1,33554432,1115.1,183257.0,0,
broadcast_perf,1,67108864,1200.9,349799.0,0,
broadcast_perf,1,134217728,1250.0,640199.0,0,
broadcast_perf,1,268435456,1483.1,1000000.0,0,
broadcast_perf,1,536870912,1490.8,3000000.0,0,
broadcast_perf,1,1073741824,1503.1,6000000.0,0,
broadcast_perf,1,2147483648,1509.9,10000000.0,0,
broadcast_perf,1,4294967296,1512.7,20000000.0,0,
broadcast_perf,1,8589934592,1513.6,40000000.0,0,
broadcast_perf,2,8,0.0,0.0,0,
broadcast_perf,2,16,0.0,0.0,0,
broadcast_perf,2,32,0.0,0.0,0,
broadcast_perf,2,64,0.0,0.0,0,
broadcast_perf,2,128,0.01,0.01,0,
broadcast_perf,2,256,0.01,0.02,0,
broadcast_perf,2,512,0.02,0.06,0,
broadcast_perf,2,1024,0.09,0.11,0,
broadcast_perf,2,2048,0.22,0.22,0,
broadcast_perf,2,4096,0.44,0.45,0,
broadcast_perf,2,8192,0.86,0.9,0,
broadcast_perf,2,16384,1.77,1.74,0,
broadcast_perf,2,32768,3.52,3.45,0,
broadcast_perf,2,65536,6.75,6.97,0,
broadcast_perf,2,131072,13.42,13.5,0,
broadcast_perf,2,262144,25.11,26.08,0,
broadcast_perf,2,524288,50.58,50.46,0,
broadcast_perf,2,1048576,81.6,86.14,0,
broadcast_perf,2,2097152,97.24,104.57,0,
broadcast_perf,2,4194304,154.89,162.56,0,
broadcast_perf,2,8388608,211.22,218.87,0,
broadcast_perf,2,16777216,257.73,273.1,0,
broadcast_perf,2,33554432,296.82,306.79,0,
broadcast_perf,2,67108864,323.34,332.03,0,
broadcast_perf,2,134217728,341.69,350.59,0,
broadcast_perf,2,268435456,354.66,361.17,0,
broadcast_perf,2,536870912,361.87,367.71,0,
broadcast_perf,2,1073741824,366.19,370.25,0,
broadcast_perf,2,2147483648,368.55,372.53,0,
broadcast_perf,2,4294967296,369.07,373.01,0,
broadcast_perf,2,8589934592,370.17,374.01,0,
broadcast_perf,3,8,0.0,0.0,0,
broadcast_perf,3,16,0.0,0.0,0,
broadcast_perf,3,32,0.0,0.0,0,
broadcast_perf,3,64,0.0,0.0,0,
broadcast_perf,3,128,0.01,0.01,0,
broadcast_perf,3,256,0.01,0.02,0,
broadcast_perf,3,512,0.02,0.04,0,
broadcast_perf,3,1024,0.07,0.08,0,
broadcast_perf,3,2048,0.15,0.15,0,
broadcast_perf,3,4096,0.3,0.3,0,
broadcast_perf,3,8192,0.59,0.6,0,
broadcast_perf,3,16384,1.18,1.2,0,
broadcast_perf,3,32768,2.37,2.36,0,
broadcast_perf,3,65536,4.48,4.6,0,
broadcast_perf,3,131072,9.0,9.16,0,
broadcast_perf,3,262144,17.19,17.49,0,
broadcast_perf,3,524288,34.57,15.83,0,
broadcast_perf,3,1048576,63.75,65.48,0,
broadcast_perf,3,2097152,96.51,96.32,0,
broadcast_perf,3,4194304,148.77,149.06,0,
broadcast_perf,3,8388608,200.29,199.96,0,
broadcast_perf,3,16777216,244.81,243.4,0,
broadcast_perf,3,33554432,288.29,287.44,0,
broadcast_perf,3,67108864,316.18,317.61,0,
broadcast_perf,3,134217728,335.9,336.98,0,
broadcast_perf,3,268435456,350.76,350.01,0,
broadcast_perf,3,536870912,358.24,357.59,0,
broadcast_perf,3,1073741824,362.31,362.64,0,
broadcast_perf,3,2147483648,364.73,364.06,0,
broadcast_perf,3,4294967296,364.84,364.26,0,
broadcast_perf,3,8589934592,366.09,365.43,0,
broadcast_perf,4,8,0.0,0.0,0,
broadcast_perf,4,16,0.0,0.0,0,
broadcast_perf,4,32,0.0,0.0,0,
broadcast_perf,4,64,0.0,0.0,0,
broadcast_perf,4,128,0.01,0.01,0,
broadcast_perf,4,256,0.01,0.01,0,
broadcast_perf,4,512,0.02,0.03,0,
broadcast_perf,4,1024,0.06,0.06,0,
broadcast_perf,4,2048,0.11,0.11,0,
broadcast_perf,4,4096,0.23,0.23,0,
broadcast_perf,4,8192,0.45,0.44,0,
broadcast_perf,4,16384,0.91,0.9,0,
broadcast_perf,4,32768,1.8,1.83,0,
broadcast_perf,4,65536,3.52,3.51,0,
broadcast_perf,4,131072,6.94,6.95,0,
broadcast_perf,4,262144,13.08,13.35,0,
broadcast_perf,4,524288,26.04,26.23,0,
broadcast_perf,4,1048576,48.33,49.83,0,
broadcast_perf,4,2097152,90.73,90.75,0,
broadcast_perf,4,4194304,143.21,143.74,0,
broadcast_perf,4,8388608,192.0,193.08,0,
broadcast_perf,4,16777216,236.71,236.45,0,
broadcast_perf,4,33554432,282.62,283.08,0,
broadcast_perf,4,67108864,312.97,312.45,0,
broadcast_perf,4,134217728,334.83,335.04,0,
broadcast_perf,4,268435456,349.34,350.0,0,
broadcast_perf,4,536870912,357.52,357.75,0,
broadcast_perf,4,1073741824,360.8,361.26,0,
broadcast_perf,4,2147483648,364.23,363.6,0,
broadcast_perf,4,4294967296,363.63,363.81,0,
broadcast_perf,4,8589934592,365.27,364.64,0,
alltoall_perf,1,0,0.0,0.0,0,
alltoall_perf,1,16,0.0,0.0,0,
alltoall_perf,1,32,0.0,0.0,0,
alltoall_perf,1,64,0.0,0.0,0,
alltoall_perf,1,128,0.0,0.0,0,
alltoall_perf,1,256,0.0,0.0,0,
alltoall_perf,1,512,0.0,0.0,0,
alltoall_perf,1,1024,0.0,0.0,0,
alltoall_perf,1,2048,0.0,0.0,0,
alltoall_perf,1,4096,0.0,0.0,0,
alltoall_perf,1,8192,0.0,0.0,0,
alltoall_perf,1,16384,0.0,0.0,0,
alltoall_perf,1,32768,0.0,0.0,0,
alltoall_perf,1,65536,0.0,0.0,0,
alltoall_perf,1,131072,0.0,0.0,0,
alltoall_perf,1,262144,0.0,0.0,0,
alltoall_perf,1,524288,0.0,0.0,0,
alltoall_perf,1,1048576,0.0,0.0,0,
alltoall_perf,1,2097152,0.0,0.0,0,
alltoall_perf,1,4194304,0.0,0.0,0,
alltoall_perf,1,8388608,0.0,0.0,0,
alltoall_perf,1,16777216,0.0,0.0,0,
alltoall_perf,1,33554432,0.0,0.0,0,
alltoall_perf,1,67108864,0.0,0.0,0,
alltoall_perf,1,134217728,0.0,0.0,0,
alltoall_perf,1,268435456,0.0,0.0,0,
alltoall_perf,1,536870912,0.0,0.0,0,
alltoall_perf,1,1073741824,0.0,0.0,0,
alltoall_perf,1,2147483648,0.0,0.0,0,
alltoall_perf,1,4294967296,0.0,0.0,0,
alltoall_perf,1,8589934592,0.0,0.0,0,
alltoall_perf,2,0,0.0,0.0,0,
alltoall_perf,2,0,0.0,0.0,0,
alltoall_perf,2,32,0.0,0.0,0,
alltoall_perf,2,64,0.0,0.0,0,
alltoall_perf,2,128,0.01,0.01,0,
alltoall_perf,2,256,0.01,0.01,0,
alltoall_perf,2,512,0.01,0.03,0,
alltoall_perf,2,1024,0.04,0.05,0,
alltoall_perf,2,2048,0.1,0.11,0,
alltoall_perf,2,4096,0.21,0.21,0,
alltoall_perf,2,8192,0.41,0.14,0,
alltoall_perf,2,16384,0.31,0.38,0,
alltoall_perf,2,32768,0.85,1.07,0,
alltoall_perf,2,65536,2.08,2.71,0,
alltoall_perf,2,131072,5.93,6.22,0,
alltoall_perf,2,262144,11.48,11.4,0,
alltoall_perf,2,524288,22.53,23.31,0,
alltoall_perf,2,1048576,38.93,39.96,0,
alltoall_perf,2,2097152,61.91,63.83,0,
alltoall_perf,2,4194304,89.9,94.86,0,
alltoall_perf,2,8388608,126.55,126.5,0,
alltoall_perf,2,16777216,164.68,160.88,0,
alltoall_perf,2,33554432,208.62,205.46,0,
alltoall_perf,2,67108864,239.85,234.88,0,
alltoall_perf,2,134217728,260.01,267.36,0,
alltoall_perf,2,268435456,272.75,287.69,0,
alltoall_perf,2,536870912,280.82,298.65,0,
alltoall_perf,2,1073741824,315.11,354.32,0,
alltoall_perf,2,2147483648,317.29,359.86,0,
alltoall_perf,2,4294967296,319.32,362.79,0,
alltoall_perf,2,8589934592,319.98,364.98,0,
alltoall_perf,3,0,0.0,0.0,0,
alltoall_perf,3,0,0.0,0.0,0,
alltoall_perf,3,0,0.0,0.0,0,
alltoall_perf,3,48,0.0,0.0,0,
alltoall_perf,3,96,0.0,0.0,0,
alltoall_perf,3,240,0.01,0.01,0,
alltoall_perf,3,480,0.02,0.02,0,
alltoall_perf,3,1008,0.04,0.04,0,
alltoall_perf,3,2016,0.09,0.09,0,
alltoall_perf,3,4080,0.17,0.18,0,
alltoall_perf,3,8160,0.33,0.35,0,
alltoall_perf,3,16368,0.68,0.68,0,
alltoall_perf,3,32736,1.34,1.37,0,
alltoall_perf,3,65520,2.55,2.67,0,
alltoall_perf,3,131040,4.95,5.02,0,
alltoall_perf,3,262128,9.64,9.74,0,
alltoall_perf,3,524256,19.12,19.58,0,
alltoall_perf,3,1048560,37.24,38.76,0,
alltoall_perf,3,2097120,71.54,74.39,0,
alltoall_perf,3,4194288,105.7,93.84,0,
alltoall_perf,3,8388576,141.65,146.2,0,
alltoall_perf,3,16777200,171.12,184.03,0,
alltoall_perf,3,33554400,215.44,222.17,0,
alltoall_perf,3,67108848,246.01,247.83,0,
alltoall_perf,3,134217696,269.74,274.72,0,
alltoall_perf,3,268435440,278.5,286.36,0,
alltoall_perf,3,536870880,325.17,335.84,0,
alltoall_perf,3,1073741808,337.41,345.83,0,
alltoall_perf,3,2147483616,344.94,349.94,0,
alltoall_perf,3,4294967280,348.24,353.09,0,
alltoall_perf,3,8589934560,350.75,354.73,0,
alltoall_perf,4,0,0.0,0.0,0,
alltoall_perf,4,0,0.0,0.0,0,
alltoall_perf,4,0,0.0,0.0,0,
alltoall_perf,4,64,0.0,0.0,0,
alltoall_perf,4,128,0.0,0.0,0,
alltoall_perf,4,256,0.01,0.01,0,
alltoall_perf,4,512,0.02,0.02,0,
alltoall_perf,4,1024,0.03,0.03,0,
alltoall_perf,4,2048,0.07,0.07,0,
alltoall_perf,4,4096,0.13,0.13,0,
alltoall_perf,4,8192,0.26,0.26,0,
alltoall_perf,4,16384,0.53,0.53,0,
alltoall_perf,4,32768,1.06,1.07,0,
alltoall_perf,4,65536,2.08,2.06,0,
alltoall_perf,4,131072,3.94,3.79,0,
alltoall_perf,4,262144,7.21,7.31,0,
alltoall_perf,4,524288,14.37,14.89,0,
alltoall_perf,4,1048576,27.92,29.24,0,
alltoall_perf,4,2097152,55.35,57.64,0,
alltoall_perf,4,4194304,109.91,113.57,0,
alltoall_perf,4,8388608,160.87,165.16,0,
alltoall_perf,4,16777216,191.46,198.38,0,
alltoall_perf,4,33554432,232.33,233.05,0,
alltoall_perf,4,67108864,265.8,272.41,0,
alltoall_perf,4,134217728,292.09,299.24,0,
alltoall_perf,4,268435456,306.05,315.89,0,
alltoall_perf,4,536870912,318.0,324.95,0,
alltoall_perf,4,1073741824,336.55,336.08,0,
alltoall_perf,4,2147483648,350.03,348.33,0,
alltoall_perf,4,4294967296,353.8,352.01,0,
alltoall_perf,4,8589934592,355.72,352.64,0,
